<?xml version="1.0" encoding="UTF-8"?>
<project-private xmlns="http://www.netbeans.org/ns/project-private/1">
    <editor-bookmarks xmlns="http://www.netbeans.org/ns/editor-bookmarks/2" lastBookmarkId="0"/>
    <open-files xmlns="http://www.netbeans.org/ns/projectui-open-files/2">
        <group>
            <file>file:/F:/Tutorials_And_Codes/PIC/ULTRA_PIC/07e-ADC_Temperature_LCD.X/main.c</file>
            <file>file:/F:/Tutorials_And_Codes/PIC/ULTRA_PIC/00-libfiles/lcd.c</file>
            <file>file:/F:/Tutorials_And_Codes/PIC/ULTRA_PIC/07e-ADC_Temperature_LCD.X/nbproject/Makefile-default.mk</file>
            <file>file:/F:/Tutorials_And_Codes/PIC/ULTRA_PIC/07e-ADC_Temperature_LCD.X/nbproject/Makefile-impl.mk</file>
            <file>file:/F:/Tutorials_And_Codes/PIC/ULTRA_PIC/00-libfiles/adc.h</file>
            <file>file:/F:/Tutorials_And_Codes/PIC/ULTRA_PIC/00-libfiles/adc.c</file>
            <file>file:/F:/Tutorials_And_Codes/PIC/ULTRA_PIC/00-libfiles/delay.c</file>
        </group>
    </open-files>
</project-private>
