{"days": [{"day": "Sunday", "time": {"endTime": "12:30", "startTime": "6:00"}}, {"day": "Monday", "time": {"endTime": "9:00", "startTime": "5:45"}}, {"day": "Tuesday", "time": {"endTime": "8:45", "startTime": "5:45"}}, {"day": "Wednesday", "time": {"endTime": "8:30", "startTime": "5:45"}}, {"day": "Thursday", "time": {"endTime": "8:45", "startTime": "5:45"}}, {"day": "Friday", "time": {"endTime": "10:30", "startTime": "5:45"}}, {"day": "Saturday", "time": {"endTime": "12:30", "startTime": "6:00"}}]}