<?xml version="1.0" encoding="UTF-8"?>
<project-private xmlns="http://www.netbeans.org/ns/project-private/1">
    <editor-bookmarks xmlns="http://www.netbeans.org/ns/editor-bookmarks/2" lastBookmarkId="0"/>
    <open-files xmlns="http://www.netbeans.org/ns/projectui-open-files/2">
        <group>
            <file>file:/C:/Users/Nico/MPLABXProjects/ILI9341.X/main.h</file>
            <file>file:/C:/Users/Nico/MPLABXProjects/ILI9341.X/font.h</file>
            <file>file:/C:/Users/Nico/MPLABXProjects/ILI9341.X/peri.h</file>
            <file>file:/C:/Users/Nico/MPLABXProjects/ILI9341.X/lcd.c</file>
            <file>file:/C:/Users/Nico/MPLABXProjects/ILI9341.X/main.c</file>
            <file>file:/C:/Users/Nico/MPLABXProjects/ILI9341.X/lcd.h</file>
            <file>file:/C:/Users/Nico/MPLABXProjects/ILI9341.X/peri.c</file>
        </group>
    </open-files>
</project-private>
