<?xml version="1.0" encoding="UTF-8"?>
<project-private xmlns="http://www.netbeans.org/ns/project-private/1">
    <editor-bookmarks xmlns="http://www.netbeans.org/ns/editor-bookmarks/2" lastBookmarkId="0"/>
    <open-files xmlns="http://www.netbeans.org/ns/projectui-open-files/2">
        <group>
            <file>file:/D:/Github/Pic16f877a_ExploreUltraPicDevKit/Code/SampleCode/05b-Lcd_4bit_UpCounter.X/main.c</file>
            <file>file:/D:/Github/Pic16f877a_ExploreUltraPicDevKit/Code/SampleCode/05b-Lcd_4bit_UpCounter.X/nbproject/Makefile-default.mk</file>
        </group>
    </open-files>
</project-private>
